{
  "python": 0.15384615384615385,
  "java": 0.1258741258741259,
  "aws": 0.1048951048951049,
  "gcp": 0.05594405594405595,
  "azure": 0.04895104895104896,
  "docker": 0.06993006993006994,
  "kubernetes": 0.06993006993006994,
  "terraform": 0.04195804195804196,
  "sql": 0.05594405594405595,
  "nosql": 0.04195804195804196,
  "jenkins": 0.04895104895104896,
  "ci_cd": 0.04195804195804196,
  "communication": 0.05594405594405595,
  "agile": 0.04895104895104896,
  "testing": 0.03496503496503497
}