{
  "c#": 0.2631578947368421,
  ".net_core": 0.18947368421052632,
  "asp.net": 0.15789473684210525,
  "azure": 0.10526315789473685,
  "sql": 0.08421052631578949,
  "ms_sql_server": 0.052631578947368425,
  "visual_studio.net": 0.052631578947368425,
  "agile": 0.052631578947368425,
  "tools": 0.02105263157894737,
  "frameworks_tools": 0.02105263157894737
}