{
  "python": 0.15492957746478875,
  "java": 0.1267605633802817,
  "aws": 0.1056338028169014,
  "gcp": 0.056338028169014086,
  "azure": 0.04929577464788733,
  "docker": 0.07042253521126761,
  "kubernetes": 0.07042253521126761,
  "terraform": 0.04225352112676056,
  "sql": 0.056338028169014086,
  "nosql": 0.04225352112676056,
  "jenkins": 0.035211267605633804,
  "ci_cd": 0.04929577464788733,
  "communication": 0.056338028169014086,
  "agile": 0.04929577464788733,
  "cloud_platforms": 0.035211267605633804
}